,Id_Se,Nombre_Se,Descrip_Se,Telefono_Se,Estado_Se,Id_Pro,Id_Par,Id_Can,Id_IE
0,19043022-74f5-11ed-b0b8-0242ac1c000c,QUITO,Dolorum non ipsam aliquid repellat dolorem totam. Exercitationem fuga odio explicabo laboriosam explicabo quam illo. Eaque veniam similique id perferendis natus enim.,0956618841,Inactivo,190b3c32-74f5-11ed-b0b8-0242ac1c000c,1907a6f8-74f5-11ed-b0b8-0242ac1c000c,19259ed8-74f5-11ed-b0b8-0242ac1c000c,19292878-74f5-11ed-b0b8-0242ac1c000c
1,19043392-74f5-11ed-b0b8-0242ac1c000c,MATRIZ - CUENCA,Minima voluptate id perspiciatis ipsum voluptas. Delectus voluptates nulla. Corrupti consequatur veritatis ut rerum inventore autem. Veritatis praesentium distinctio error.,0946477109,Activo,190b3e6c-74f5-11ed-b0b8-0242ac1c000c,1907cae8-74f5-11ed-b0b8-0242ac1c000c,1925a0f4-74f5-11ed-b0b8-0242ac1c000c,19292c24-74f5-11ed-b0b8-0242ac1c000c
2,190434f0-74f5-11ed-b0b8-0242ac1c000c,SEDE - CUENCA,Porro alias expedita atque.,0911063287,Activo,190b3fd4-74f5-11ed-b0b8-0242ac1c000c,1907d236-74f5-11ed-b0b8-0242ac1c000c,1925a248-74f5-11ed-b0b8-0242ac1c000c,19292d5a-74f5-11ed-b0b8-0242ac1c000c
3,19043612-74f5-11ed-b0b8-0242ac1c000c,MATRIZ - QUITO,Optio aperiam asperiores maiores quibusdam aliquam natus. Laudantium vel sapiente aperiam. Magnam hic explicabo.,0924642083,Inactivo,190b41aa-74f5-11ed-b0b8-0242ac1c000c,1907ebc2-74f5-11ed-b0b8-0242ac1c000c,1925a360-74f5-11ed-b0b8-0242ac1c000c,19292e40-74f5-11ed-b0b8-0242ac1c000c
4,19043716-74f5-11ed-b0b8-0242ac1c000c,MATRIZ - JOSE RUBEN ORELLANA,Quos repellat a et fugiat. Pariatur ipsam assumenda dolorum explicabo. Nostrum illum hic vel hic culpa.,0936041253,Inactivo,190b4358-74f5-11ed-b0b8-0242ac1c000c,1907edde-74f5-11ed-b0b8-0242ac1c000c,1925a482-74f5-11ed-b0b8-0242ac1c000c,19292f26-74f5-11ed-b0b8-0242ac1c000c
48,19043810-74f5-11ed-b0b8-0242ac1c000c,MATRIZ - CALCETA,Quos est dicta voluptates iusto. Reiciendis ipsam ipsum tenetur dignissimos totam atque. Maiores autem autem molestias fugit maxime.,0907334023,Inactivo,190b7c4c-74f5-11ed-b0b8-0242ac1c000c,1907ef28-74f5-11ed-b0b8-0242ac1c000c,1925a5a4-74f5-11ed-b0b8-0242ac1c000c,19293002-74f5-11ed-b0b8-0242ac1c000c
56,190439be-74f5-11ed-b0b8-0242ac1c000c,MATRIZ - RIOBAMBA,Porro a magnam non. Sunt cum voluptatibus illum sed consequatur. Animi praesentium alias explicabo dolor veniam vel.,0939372325,Inactivo,190b7dc8-74f5-11ed-b0b8-0242ac1c000c,1907f02c-74f5-11ed-b0b8-0242ac1c000c,1925a6b2-74f5-11ed-b0b8-0242ac1c000c,192931f6-74f5-11ed-b0b8-0242ac1c000c
59,19043afe-74f5-11ed-b0b8-0242ac1c000c,ORELLANA,Praesentium voluptatum exercitationem alias. Quas corrupti possimus adipisci.,0919731235,Activo,190b7efe-74f5-11ed-b0b8-0242ac1c000c,1907f13a-74f5-11ed-b0b8-0242ac1c000c,1925a7c0-74f5-11ed-b0b8-0242ac1c000c,19293336-74f5-11ed-b0b8-0242ac1c000c
62,19043c0c-74f5-11ed-b0b8-0242ac1c000c,MACAS,Voluptatum cupiditate pariatur atque impedit perferendis. Soluta doloremque a. Placeat iste et.,0983411091,Inactivo,190b802a-74f5-11ed-b0b8-0242ac1c000c,1907f356-74f5-11ed-b0b8-0242ac1c000c,1925a8ce-74f5-11ed-b0b8-0242ac1c000c,19293430-74f5-11ed-b0b8-0242ac1c000c
93,19043d10-74f5-11ed-b0b8-0242ac1c000c,MATRIZ - GUAYAQUIL,Quidem libero nobis vero repellendus perferendis harum cupiditate. Voluptas similique accusantium sit vel harum perferendis.,0988802034,Inactivo,190b8142-74f5-11ed-b0b8-0242ac1c000c,1907f4aa-74f5-11ed-b0b8-0242ac1c000c,1925a9dc-74f5-11ed-b0b8-0242ac1c000c,19293520-74f5-11ed-b0b8-0242ac1c000c
125,19043e0a-74f5-11ed-b0b8-0242ac1c000c,CANELOS,Necessitatibus reprehenderit fugiat expedita. Sunt accusamus unde placeat.,0913259492,Inactivo,190b825a-74f5-11ed-b0b8-0242ac1c000c,1907f5cc-74f5-11ed-b0b8-0242ac1c000c,1925aae0-74f5-11ed-b0b8-0242ac1c000c,1929361a-74f5-11ed-b0b8-0242ac1c000c
126,19043ef0-74f5-11ed-b0b8-0242ac1c000c,MATRIZ - COLTA,Iste quas maxime fugit. Magni laudantium unde. Illo fugit sequi cum aliquid.,0923956758,Activo,190b8372-74f5-11ed-b0b8-0242ac1c000c,1907f6b2-74f5-11ed-b0b8-0242ac1c000c,1925abee-74f5-11ed-b0b8-0242ac1c000c,19293714-74f5-11ed-b0b8-0242ac1c000c
127,19043fea-74f5-11ed-b0b8-0242ac1c000c,LIMONCOCHA,Eveniet eaque cupiditate quisquam eius. Repudiandae aliquid qui totam. Repellat provident beatae nemo assumenda suscipit quae. Officiis aperiam ipsum vel quia laudantium tempore ipsa.,0900558069,Inactivo,190b84a8-74f5-11ed-b0b8-0242ac1c000c,1907f7ac-74f5-11ed-b0b8-0242ac1c000c,1925ad24-74f5-11ed-b0b8-0242ac1c000c,19293804-74f5-11ed-b0b8-0242ac1c000c
128,190440ee-74f5-11ed-b0b8-0242ac1c000c,SUCUMBIOS,Tempore dicta excepturi repudiandae. Blanditiis ea natus deserunt explicabo.,0915421118,Activo,190b85ca-74f5-11ed-b0b8-0242ac1c000c,1907f8a6-74f5-11ed-b0b8-0242ac1c000c,1925aee6-74f5-11ed-b0b8-0242ac1c000c,192938fe-74f5-11ed-b0b8-0242ac1c000c
132,190441e8-74f5-11ed-b0b8-0242ac1c000c,CAÑAR,Ullam laudantium iure non voluptas. Veritatis quidem doloremque error.,0929112022,Activo,190b86d8-74f5-11ed-b0b8-0242ac1c000c,1907f98c-74f5-11ed-b0b8-0242ac1c000c,1925b030-74f5-11ed-b0b8-0242ac1c000c,19295f50-74f5-11ed-b0b8-0242ac1c000c
133,190442ec-74f5-11ed-b0b8-0242ac1c000c,SEDE - GUAYAQUIL,Quisquam voluptates voluptatum maxime excepturi corrupti nesciunt sequi.,0927644079,Activo,190b87e6-74f5-11ed-b0b8-0242ac1c000c,1907fa68-74f5-11ed-b0b8-0242ac1c000c,1925b148-74f5-11ed-b0b8-0242ac1c000c,1929619e-74f5-11ed-b0b8-0242ac1c000c
145,190444a4-74f5-11ed-b0b8-0242ac1c000c,MATRIZ - LATACUNGA,Natus consequatur repellat saepe illo qui. Qui similique harum quidem at. Omnis nesciunt quasi.,0990976838,Inactivo,190b8944-74f5-11ed-b0b8-0242ac1c000c,1907fb4e-74f5-11ed-b0b8-0242ac1c000c,1925b260-74f5-11ed-b0b8-0242ac1c000c,192962fc-74f5-11ed-b0b8-0242ac1c000c
172,190445c6-74f5-11ed-b0b8-0242ac1c000c,LOJA,Qui voluptates aut excepturi soluta autem. Molestias iure in harum sapiente.,0978851476,Inactivo,190b8a66-74f5-11ed-b0b8-0242ac1c000c,1907fc3e-74f5-11ed-b0b8-0242ac1c000c,1925b378-74f5-11ed-b0b8-0242ac1c000c,19296428-74f5-11ed-b0b8-0242ac1c000c
174,190446ca-74f5-11ed-b0b8-0242ac1c000c,SANTO DOMINGO DE LOS TSACHILAS,Voluptate ipsa minima dolores corrupti. Non excepturi officia quos vitae ipsa dolor.,0985571733,Activo,190b8b6a-74f5-11ed-b0b8-0242ac1c000c,1907fd24-74f5-11ed-b0b8-0242ac1c000c,1925b486-74f5-11ed-b0b8-0242ac1c000c,19296540-74f5-11ed-b0b8-0242ac1c000c
181,190447ce-74f5-11ed-b0b8-0242ac1c000c,ESMERALDAS MATRIZ,Perferendis facere dolor. Praesentium dolores dolor minus odit alias. Sint temporibus quo facere sit consequuntur blanditiis numquam.,0991837803,Activo,190b8c78-74f5-11ed-b0b8-0242ac1c000c,1907fe14-74f5-11ed-b0b8-0242ac1c000c,1925b58a-74f5-11ed-b0b8-0242ac1c000c,1929664e-74f5-11ed-b0b8-0242ac1c000c
182,190448c8-74f5-11ed-b0b8-0242ac1c000c,MATRIZ - BABAHOYO,Tenetur consequatur quas iusto praesentium explicabo. Qui nulla enim commodi in.,0957394935,Inactivo,190b8d86-74f5-11ed-b0b8-0242ac1c000c,1907fef0-74f5-11ed-b0b8-0242ac1c000c,1925b6a2-74f5-11ed-b0b8-0242ac1c000c,19296770-74f5-11ed-b0b8-0242ac1c000c
184,190449b8-74f5-11ed-b0b8-0242ac1c000c,MATRIZ - SAN MIGUEL DE URCUQUI,Ipsum autem quaerat ipsa aliquam. Sunt labore modi porro illo doloremque. Tenetur accusantium perferendis error animi sit.,0926215794,Inactivo,190b8e9e-74f5-11ed-b0b8-0242ac1c000c,1907ffd6-74f5-11ed-b0b8-0242ac1c000c,1925b7b0-74f5-11ed-b0b8-0242ac1c000c,19296964-74f5-11ed-b0b8-0242ac1c000c
187,19044abc-74f5-11ed-b0b8-0242ac1c000c,SEDE - SANTO DOMINGO,Incidunt fuga doloribus in nobis voluptatem aperiam. Nemo facere ullam ullam ab perferendis veritatis.,0975490501,Inactivo,190b8fc0-74f5-11ed-b0b8-0242ac1c000c,19080148-74f5-11ed-b0b8-0242ac1c000c,1925b8b4-74f5-11ed-b0b8-0242ac1c000c,19296acc-74f5-11ed-b0b8-0242ac1c000c
188,19044bc0-74f5-11ed-b0b8-0242ac1c000c,MATRIZ - SANTO DOMINGO DE LOS TSACHILAS,Libero praesentium maiores voluptate quis saepe enim. Consequuntur quis iste suscipit fugiat.,0976226541,Activo,190b90ce-74f5-11ed-b0b8-0242ac1c000c,1908022e-74f5-11ed-b0b8-0242ac1c000c,1925b9c2-74f5-11ed-b0b8-0242ac1c000c,19296bee-74f5-11ed-b0b8-0242ac1c000c
190,19044cb0-74f5-11ed-b0b8-0242ac1c000c,MATRIZ - MONTALVO,Corporis ad totam architecto hic iusto. Corporis consectetur quasi accusamus.,0976265370,Inactivo,190b91e6-74f5-11ed-b0b8-0242ac1c000c,19080314-74f5-11ed-b0b8-0242ac1c000c,1925bada-74f5-11ed-b0b8-0242ac1c000c,19296cfc-74f5-11ed-b0b8-0242ac1c000c
192,19044d96-74f5-11ed-b0b8-0242ac1c000c,MATRIZ - EL ANGEL,Nam aut doloribus et. Facilis consectetur sit ea eaque placeat.,0953069197,Inactivo,190b92f4-74f5-11ed-b0b8-0242ac1c000c,190803f0-74f5-11ed-b0b8-0242ac1c000c,1925bbde-74f5-11ed-b0b8-0242ac1c000c,19296e00-74f5-11ed-b0b8-0242ac1c000c
205,19044e90-74f5-11ed-b0b8-0242ac1c000c,Sede CAÑAR,Distinctio quidem dolores nemo qui. Deleniti non voluptatum explicabo tempore accusantium incidunt omnis. Sunt hic corrupti rerum corporis.,0991212222,Activo,190b9510-74f5-11ed-b0b8-0242ac1c000c,190804ea-74f5-11ed-b0b8-0242ac1c000c,1925bcec-74f5-11ed-b0b8-0242ac1c000c,19296f18-74f5-11ed-b0b8-0242ac1c000c
208,19044f8a-74f5-11ed-b0b8-0242ac1c000c,CENTRO DE APOYO - GUAYAQUIL,Reiciendis expedita error molestias. Enim at cupiditate ducimus ut.,0934186325,Inactivo,190b963c-74f5-11ed-b0b8-0242ac1c000c,190805da-74f5-11ed-b0b8-0242ac1c000c,1925bdfa-74f5-11ed-b0b8-0242ac1c000c,19297030-74f5-11ed-b0b8-0242ac1c000c
210,1904507a-74f5-11ed-b0b8-0242ac1c000c,BABAHOYO,Quas molestias sapiente porro architecto. Minima tempora nulla dolores non. Fugit ut fuga reprehenderit nobis. Cupiditate vel eveniet ab veniam occaecati expedita dolore.,0904727143,Activo,190b986c-74f5-11ed-b0b8-0242ac1c000c,190806c0-74f5-11ed-b0b8-0242ac1c000c,1925bef4-74f5-11ed-b0b8-0242ac1c000c,1929713e-74f5-11ed-b0b8-0242ac1c000c
220,1904516a-74f5-11ed-b0b8-0242ac1c000c,MATRIZ - BAÑOS,Adipisci non quasi nulla quis nisi. Odio nulla molestias nulla sed nulla accusamus. Odio facere quam quasi corporis doloremque. Aliquid ut unde labore.,0981643357,Inactivo,190b9970-74f5-11ed-b0b8-0242ac1c000c,190807a6-74f5-11ed-b0b8-0242ac1c000c,1925c08e-74f5-11ed-b0b8-0242ac1c000c,19297242-74f5-11ed-b0b8-0242ac1c000c
223,1904525a-74f5-11ed-b0b8-0242ac1c000c,PATATE,Ab voluptatem facere. Veniam debitis esse veritatis corrupti itaque hic.,0903443109,Activo,190b9a7e-74f5-11ed-b0b8-0242ac1c000c,1908088c-74f5-11ed-b0b8-0242ac1c000c,1925c1d8-74f5-11ed-b0b8-0242ac1c000c,19297364-74f5-11ed-b0b8-0242ac1c000c
225,19045340-74f5-11ed-b0b8-0242ac1c000c,GUAYAQUIL,Reiciendis sed molestiae. Mollitia velit porro laudantium. Quod iusto architecto vero incidunt.,0997953184,Inactivo,190b9b8c-74f5-11ed-b0b8-0242ac1c000c,1908097c-74f5-11ed-b0b8-0242ac1c000c,1925c2f0-74f5-11ed-b0b8-0242ac1c000c,1929749a-74f5-11ed-b0b8-0242ac1c000c
227,1904544e-74f5-11ed-b0b8-0242ac1c000c,MATRIZ - AMBATO,Nihil ut voluptates ex temporibus eveniet dolore. Suscipit tenetur minus est culpa. Illo ullam repellendus exercitationem.,0920696665,Inactivo,190b9cae-74f5-11ed-b0b8-0242ac1c000c,19080a58-74f5-11ed-b0b8-0242ac1c000c,1925c408-74f5-11ed-b0b8-0242ac1c000c,192975c6-74f5-11ed-b0b8-0242ac1c000c
233,19045552-74f5-11ed-b0b8-0242ac1c000c,MATRIZ - LOJA,Magnam quaerat esse illo dignissimos.,0989698039,Activo,190b9dbc-74f5-11ed-b0b8-0242ac1c000c,19080b52-74f5-11ed-b0b8-0242ac1c000c,1925c516-74f5-11ed-b0b8-0242ac1c000c,192977b0-74f5-11ed-b0b8-0242ac1c000c
242,19045656-74f5-11ed-b0b8-0242ac1c000c,MATRIZ - SANTO DOMINGO DE LOS COLORADOS.,Sunt aut libero vero facilis nesciunt error. Aperiam optio quod quasi aliquid quos accusantium. Doloremque et distinctio doloribus odit accusantium explicabo explicabo.,0982422532,Inactivo,190b9ed4-74f5-11ed-b0b8-0242ac1c000c,19080c56-74f5-11ed-b0b8-0242ac1c000c,1925c624-74f5-11ed-b0b8-0242ac1c000c,19297918-74f5-11ed-b0b8-0242ac1c000c
245,190457d2-74f5-11ed-b0b8-0242ac1c000c,CALVAS,Inventore asperiores error. Rerum doloribus veritatis nihil numquam aut similique aperiam. Repellat enim tenetur facere occaecati.,0953463390,Activo,190b9fec-74f5-11ed-b0b8-0242ac1c000c,19080d6e-74f5-11ed-b0b8-0242ac1c000c,1925c75a-74f5-11ed-b0b8-0242ac1c000c,19297a58-74f5-11ed-b0b8-0242ac1c000c
247,190458d6-74f5-11ed-b0b8-0242ac1c000c,RIOBAMBA,Asperiores enim dolorem dolorem. Debitis possimus sequi est alias voluptatibus nam. Unde excepturi molestias praesentium.,0938486976,Inactivo,190ba10e-74f5-11ed-b0b8-0242ac1c000c,19080e5e-74f5-11ed-b0b8-0242ac1c000c,1925c87c-74f5-11ed-b0b8-0242ac1c000c,19297b84-74f5-11ed-b0b8-0242ac1c000c
286,190459c6-74f5-11ed-b0b8-0242ac1c000c,"(LOS RIOS-QUEVEDO-QUEVEDO, CABECERA CANTONAL)",Nemo labore expedita quasi veritatis nulla. Unde commodi iste corrupti. Aliquam totam suscipit eius possimus incidunt nostrum ex.,0926667987,Inactivo,190ba21c-74f5-11ed-b0b8-0242ac1c000c,19080f44-74f5-11ed-b0b8-0242ac1c000c,1925c994-74f5-11ed-b0b8-0242ac1c000c,19297cc4-74f5-11ed-b0b8-0242ac1c000c
307,19045ab6-74f5-11ed-b0b8-0242ac1c000c,IBARRA,Dolorum nesciunt atque non consequatur nisi distinctio. Animi reprehenderit iure natus.,0936564667,Activo,190ba320-74f5-11ed-b0b8-0242ac1c000c,19081034-74f5-11ed-b0b8-0242ac1c000c,1925ca8e-74f5-11ed-b0b8-0242ac1c000c,19297df0-74f5-11ed-b0b8-0242ac1c000c
308,19045bba-74f5-11ed-b0b8-0242ac1c000c,COTACACHI,Vitae quod distinctio id quae laborum corporis tenetur. Numquam commodi eos exercitationem consequuntur et velit rerum.,0993485403,Inactivo,190ba438-74f5-11ed-b0b8-0242ac1c000c,1908111a-74f5-11ed-b0b8-0242ac1c000c,1925cb9c-74f5-11ed-b0b8-0242ac1c000c,19298034-74f5-11ed-b0b8-0242ac1c000c
310,19045caa-74f5-11ed-b0b8-0242ac1c000c,MATRIZ - NUEVA LOJA,Quam aperiam dolorem facilis sapiente rerum neque. Ipsam tempore pariatur quam.,0924859574,Activo,190ba53c-74f5-11ed-b0b8-0242ac1c000c,1908120a-74f5-11ed-b0b8-0242ac1c000c,1925cca0-74f5-11ed-b0b8-0242ac1c000c,1929819c-74f5-11ed-b0b8-0242ac1c000c
315,19045d9a-74f5-11ed-b0b8-0242ac1c000c,MATRIZ - IBARRA,Placeat pariatur vero quibusdam soluta veritatis. Assumenda amet eveniet fugit. Natus enim quam assumenda hic.,0952465624,Activo,190ba654-74f5-11ed-b0b8-0242ac1c000c,19081322-74f5-11ed-b0b8-0242ac1c000c,1925cda4-74f5-11ed-b0b8-0242ac1c000c,192982c8-74f5-11ed-b0b8-0242ac1c000c
330,19045e94-74f5-11ed-b0b8-0242ac1c000c,SEDE - QUITO,Quis adipisci ab. Sequi vel hic reprehenderit. Ea dignissimos totam veritatis temporibus.,0921552651,Inactivo,190ba762-74f5-11ed-b0b8-0242ac1c000c,1908150c-74f5-11ed-b0b8-0242ac1c000c,1925ce9e-74f5-11ed-b0b8-0242ac1c000c,192983f4-74f5-11ed-b0b8-0242ac1c000c
355,19045f98-74f5-11ed-b0b8-0242ac1c000c,SANTO DOMINGO,Itaque ipsam id nesciunt omnis. Hic ipsam ad exercitationem corrupti. Illum iure maiores nam incidunt deserunt. Quod aperiam dolores cum blanditiis aliquam.,0940675526,Activo,190ba866-74f5-11ed-b0b8-0242ac1c000c,19081656-74f5-11ed-b0b8-0242ac1c000c,1925cfac-74f5-11ed-b0b8-0242ac1c000c,19298520-74f5-11ed-b0b8-0242ac1c000c
358,19046088-74f5-11ed-b0b8-0242ac1c000c,MATRIZ - MACHALA,Earum iste eaque iusto praesentium. Porro laboriosam quam dolor unde magnam.,0932454084,Activo,190ba96a-74f5-11ed-b0b8-0242ac1c000c,1908176e-74f5-11ed-b0b8-0242ac1c000c,1925d0ba-74f5-11ed-b0b8-0242ac1c000c,19298656-74f5-11ed-b0b8-0242ac1c000c
365,19046182-74f5-11ed-b0b8-0242ac1c000c,ESMERALDAS,Cum omnis perspiciatis alias illo. Tempora dolorum vero minima.,0982959720,Activo,190baa82-74f5-11ed-b0b8-0242ac1c000c,1908187c-74f5-11ed-b0b8-0242ac1c000c,1925d1be-74f5-11ed-b0b8-0242ac1c000c,1929875a-74f5-11ed-b0b8-0242ac1c000c
367,1904627c-74f5-11ed-b0b8-0242ac1c000c,LA TRONCAL,Aliquid quo mollitia ad. Eius magnam quis eum eaque eius. Non repellendus repellat laudantium tempore excepturi itaque.,0940880774,Inactivo,190baba4-74f5-11ed-b0b8-0242ac1c000c,1908196c-74f5-11ed-b0b8-0242ac1c000c,1925d2c2-74f5-11ed-b0b8-0242ac1c000c,19298854-74f5-11ed-b0b8-0242ac1c000c
372,1904638a-74f5-11ed-b0b8-0242ac1c000c,SEDE - AMBATO,Libero ex vel nihil blanditiis est. Ducimus autem quod deserunt. Esse earum incidunt asperiores.,0997401044,Activo,190bacc6-74f5-11ed-b0b8-0242ac1c000c,19081a66-74f5-11ed-b0b8-0242ac1c000c,1925d3ee-74f5-11ed-b0b8-0242ac1c000c,19298958-74f5-11ed-b0b8-0242ac1c000c
407,19046484-74f5-11ed-b0b8-0242ac1c000c,PUYO,Quod mollitia delectus laudantium quam. Suscipit repellat facere minima laboriosam.,0997769493,Inactivo,190badde-74f5-11ed-b0b8-0242ac1c000c,19081b60-74f5-11ed-b0b8-0242ac1c000c,1925d4f2-74f5-11ed-b0b8-0242ac1c000c,19298a52-74f5-11ed-b0b8-0242ac1c000c
417,19046574-74f5-11ed-b0b8-0242ac1c000c,GUARANDA,Doloribus quae quia. Nesciunt incidunt eos iure necessitatibus.,0998519725,Inactivo,190baeec-74f5-11ed-b0b8-0242ac1c000c,19081c50-74f5-11ed-b0b8-0242ac1c000c,1925d6fa-74f5-11ed-b0b8-0242ac1c000c,19298b60-74f5-11ed-b0b8-0242ac1c000c
436,19046664-74f5-11ed-b0b8-0242ac1c000c,PUERTO QUITO,Nam cum distinctio cum placeat consequuntur facilis in. Temporibus dolor assumenda vero deserunt aspernatur corrupti recusandae.,0997920374,Activo,190baffa-74f5-11ed-b0b8-0242ac1c000c,19081d40-74f5-11ed-b0b8-0242ac1c000c,1925d812-74f5-11ed-b0b8-0242ac1c000c,19298c6e-74f5-11ed-b0b8-0242ac1c000c
437,1904675e-74f5-11ed-b0b8-0242ac1c000c,MATRIZ - PUERTO QUITO,Ut porro dignissimos aperiam voluptatibus rem. Fuga soluta praesentium quibusdam voluptas.,0970410427,Activo,190bb0fe-74f5-11ed-b0b8-0242ac1c000c,19081e3a-74f5-11ed-b0b8-0242ac1c000c,1925d90c-74f5-11ed-b0b8-0242ac1c000c,19298d7c-74f5-11ed-b0b8-0242ac1c000c
440,1904686c-74f5-11ed-b0b8-0242ac1c000c,HUAQUILLAS,Facilis aliquid totam aut nesciunt exercitationem ullam quibusdam.,0983320956,Activo,190bb20c-74f5-11ed-b0b8-0242ac1c000c,19081f2a-74f5-11ed-b0b8-0242ac1c000c,1925da1a-74f5-11ed-b0b8-0242ac1c000c,19298e80-74f5-11ed-b0b8-0242ac1c000c
461,19046966-74f5-11ed-b0b8-0242ac1c000c,BIBLIAN,Aliquam sunt consequatur sunt assumenda consequatur aperiam eaque. Corporis veritatis dolorem quaerat dicta aut. Dolorem eveniet veritatis eum.,0926684725,Inactivo,190bb388-74f5-11ed-b0b8-0242ac1c000c,19082038-74f5-11ed-b0b8-0242ac1c000c,1925db28-74f5-11ed-b0b8-0242ac1c000c,19298f7a-74f5-11ed-b0b8-0242ac1c000c
471,19046aec-74f5-11ed-b0b8-0242ac1c000c,MATRIZ - PASAJE,Veritatis iusto assumenda magni ab ducimus dolore. Amet vitae aliquid similique molestias consectetur doloribus. Qui in consectetur magnam.,0981783381,Inactivo,190bb4a0-74f5-11ed-b0b8-0242ac1c000c,1908213c-74f5-11ed-b0b8-0242ac1c000c,1925dc36-74f5-11ed-b0b8-0242ac1c000c,19299074-74f5-11ed-b0b8-0242ac1c000c
474,19046c22-74f5-11ed-b0b8-0242ac1c000c,MATRIZ - DAULE,Earum quo praesentium rerum quaerat reprehenderit ducimus id.,0957389521,Activo,190bb5a4-74f5-11ed-b0b8-0242ac1c000c,1908224a-74f5-11ed-b0b8-0242ac1c000c,1925e9e2-74f5-11ed-b0b8-0242ac1c000c,1929916e-74f5-11ed-b0b8-0242ac1c000c
484,19046d26-74f5-11ed-b0b8-0242ac1c000c,MATRIZ - AZOGUES,Accusantium quod necessitatibus a fuga quisquam consequatur. Quidem eum est quam reprehenderit nemo cum.,0962158677,Inactivo,190bb6a8-74f5-11ed-b0b8-0242ac1c000c,1908234e-74f5-11ed-b0b8-0242ac1c000c,1925eb68-74f5-11ed-b0b8-0242ac1c000c,19299268-74f5-11ed-b0b8-0242ac1c000c
486,19046e20-74f5-11ed-b0b8-0242ac1c000c,SEDE - RIOBAMBA,Odit et vitae iure libero. Recusandae voluptatem suscipit dignissimos deserunt. Ab nam quaerat aperiam explicabo.,0962334789,Activo,190bb7b6-74f5-11ed-b0b8-0242ac1c000c,19082448-74f5-11ed-b0b8-0242ac1c000c,1925ec8a-74f5-11ed-b0b8-0242ac1c000c,19299362-74f5-11ed-b0b8-0242ac1c000c
490,19046f7e-74f5-11ed-b0b8-0242ac1c000c,LA MANA,Excepturi suscipit fugiat ducimus. Quis est nulla odit maxime.,0983091579,Activo,190bb8ba-74f5-11ed-b0b8-0242ac1c000c,1908254c-74f5-11ed-b0b8-0242ac1c000c,1925eda2-74f5-11ed-b0b8-0242ac1c000c,19299466-74f5-11ed-b0b8-0242ac1c000c
498,190470aa-74f5-11ed-b0b8-0242ac1c000c,MATRIZ - Sede QUITO,Dignissimos ipsum voluptatum. Esse harum aspernatur inventore eligendi reiciendis fugiat.,0968330256,Inactivo,190bb9be-74f5-11ed-b0b8-0242ac1c000c,1908265a-74f5-11ed-b0b8-0242ac1c000c,1925eece-74f5-11ed-b0b8-0242ac1c000c,1929957e-74f5-11ed-b0b8-0242ac1c000c
518,190471a4-74f5-11ed-b0b8-0242ac1c000c,MATRIZ - LIMON INDANZA,Accusamus libero aliquid quasi hic tempora. Dignissimos fuga voluptatum velit accusamus est. Excepturi aperiam quidem iste ex illo inventore.,0977563933,Activo,190bbacc-74f5-11ed-b0b8-0242ac1c000c,190827ea-74f5-11ed-b0b8-0242ac1c000c,1925efd2-74f5-11ed-b0b8-0242ac1c000c,1929968c-74f5-11ed-b0b8-0242ac1c000c
523,19047294-74f5-11ed-b0b8-0242ac1c000c,AMBATO,Neque hic laboriosam officiis quod quam. Esse expedita molestiae ad temporibus ipsum.,0918281255,Inactivo,190bbc02-74f5-11ed-b0b8-0242ac1c000c,1908290c-74f5-11ed-b0b8-0242ac1c000c,1925f0d6-74f5-11ed-b0b8-0242ac1c000c,192997a4-74f5-11ed-b0b8-0242ac1c000c
525,1904738e-74f5-11ed-b0b8-0242ac1c000c,MATRIZ - MANTA,Itaque eius maxime et. Fugiat ipsa soluta. Reiciendis amet ad eum est. Dolorum ex ratione.,0995470604,Activo,190bbcfc-74f5-11ed-b0b8-0242ac1c000c,19082a1a-74f5-11ed-b0b8-0242ac1c000c,1925f1ee-74f5-11ed-b0b8-0242ac1c000c,192998bc-74f5-11ed-b0b8-0242ac1c000c
539,19047474-74f5-11ed-b0b8-0242ac1c000c,MATRIZ - ESMERALDAS,Iusto numquam quibusdam veritatis fugit. Molestias mollitia atque quos. Temporibus suscipit molestiae.,0948769920,Inactivo,190bbf04-74f5-11ed-b0b8-0242ac1c000c,19082b14-74f5-11ed-b0b8-0242ac1c000c,1925f2e8-74f5-11ed-b0b8-0242ac1c000c,192999b6-74f5-11ed-b0b8-0242ac1c000c
543,19047564-74f5-11ed-b0b8-0242ac1c000c,EL GUABO,Eligendi ab voluptas fugiat facere suscipit. Id quisquam doloremque. Aperiam dolore sequi magnam mollitia vitae.,0989194073,Inactivo,190bc03a-74f5-11ed-b0b8-0242ac1c000c,19082c0e-74f5-11ed-b0b8-0242ac1c000c,1925f3ec-74f5-11ed-b0b8-0242ac1c000c,19299ae2-74f5-11ed-b0b8-0242ac1c000c
544,1904765e-74f5-11ed-b0b8-0242ac1c000c,ALAUSI,Quos ex ullam quasi. Delectus veritatis voluptate perspiciatis rerum.,0911191604,Inactivo,190bc148-74f5-11ed-b0b8-0242ac1c000c,19082d1c-74f5-11ed-b0b8-0242ac1c000c,1925f4fa-74f5-11ed-b0b8-0242ac1c000c,19299bfa-74f5-11ed-b0b8-0242ac1c000c
553,1904774e-74f5-11ed-b0b8-0242ac1c000c,CAYAMBE,Sunt veritatis repudiandae error nulla cumque qui repudiandae. Reiciendis esse dolorem soluta.,0960158138,Inactivo,190bc24c-74f5-11ed-b0b8-0242ac1c000c,19082e2a-74f5-11ed-b0b8-0242ac1c000c,1925f612-74f5-11ed-b0b8-0242ac1c000c,19299d1c-74f5-11ed-b0b8-0242ac1c000c
556,19047852-74f5-11ed-b0b8-0242ac1c000c,MATRIZ - PIÑAS,Sed maiores accusantium non provident mollitia laborum. Consequuntur voluptatem impedit excepturi sit. Laboriosam explicabo vero commodi at tempore blanditiis quibusdam.,0909648046,Activo,190bc350-74f5-11ed-b0b8-0242ac1c000c,19082f4c-74f5-11ed-b0b8-0242ac1c000c,1925f716-74f5-11ed-b0b8-0242ac1c000c,19299ea2-74f5-11ed-b0b8-0242ac1c000c
559,19047956-74f5-11ed-b0b8-0242ac1c000c,LA JOYA DE LOS SACHAS,Eum aperiam illo quisquam.,0957065882,Inactivo,190bc45e-74f5-11ed-b0b8-0242ac1c000c,19083078-74f5-11ed-b0b8-0242ac1c000c,1925f82e-74f5-11ed-b0b8-0242ac1c000c,19299fce-74f5-11ed-b0b8-0242ac1c000c
566,19047a64-74f5-11ed-b0b8-0242ac1c000c,BAÑOS,Explicabo voluptas nulla atque aspernatur. Maxime doloribus praesentium suscipit.,0914302884,Activo,190bc562-74f5-11ed-b0b8-0242ac1c000c,19083186-74f5-11ed-b0b8-0242ac1c000c,1925f946-74f5-11ed-b0b8-0242ac1c000c,1929a0fa-74f5-11ed-b0b8-0242ac1c000c
568,19047b54-74f5-11ed-b0b8-0242ac1c000c,MATRIZ - PORTOVIEJO,Quis quod asperiores pariatur. Fugiat asperiores quae quidem exercitationem reiciendis.,0935885933,Activo,190bc6b6-74f5-11ed-b0b8-0242ac1c000c,19083280-74f5-11ed-b0b8-0242ac1c000c,1925fa40-74f5-11ed-b0b8-0242ac1c000c,1929a21c-74f5-11ed-b0b8-0242ac1c000c
576,19047c3a-74f5-11ed-b0b8-0242ac1c000c,PELILEO,Cumque ut voluptates eos distinctio laborum nesciunt debitis. Fugit expedita incidunt quas possimus. Possimus earum eligendi.,0960906170,Activo,190bc7c4-74f5-11ed-b0b8-0242ac1c000c,19083398-74f5-11ed-b0b8-0242ac1c000c,1925fb62-74f5-11ed-b0b8-0242ac1c000c,1929a348-74f5-11ed-b0b8-0242ac1c000c
582,19047d20-74f5-11ed-b0b8-0242ac1c000c,PORTOVIEJO,Provident cum neque ratione ipsa alias commodi.,0976526733,Inactivo,190bc8c8-74f5-11ed-b0b8-0242ac1c000c,1908349c-74f5-11ed-b0b8-0242ac1c000c,19264f72-74f5-11ed-b0b8-0242ac1c000c,1929a460-74f5-11ed-b0b8-0242ac1c000c
588,19047ea6-74f5-11ed-b0b8-0242ac1c000c,MATRIZ - YANZATZA,Minima iste laudantium impedit laboriosam accusamus explicabo. Numquam praesentium iusto quos. Quod inventore vel iusto hic ut itaque.,0903299116,Activo,190bc9e0-74f5-11ed-b0b8-0242ac1c000c,190835c8-74f5-11ed-b0b8-0242ac1c000c,192651fc-74f5-11ed-b0b8-0242ac1c000c,1929a58c-74f5-11ed-b0b8-0242ac1c000c
590,19047fa0-74f5-11ed-b0b8-0242ac1c000c,QUININDE,Explicabo iusto voluptate voluptates odio. Enim ipsum possimus velit deleniti laborum. Dignissimos quia delectus facilis odio.,0914020866,Activo,190bcae4-74f5-11ed-b0b8-0242ac1c000c,190836d6-74f5-11ed-b0b8-0242ac1c000c,1926535a-74f5-11ed-b0b8-0242ac1c000c,1929a7ee-74f5-11ed-b0b8-0242ac1c000c
591,190480f4-74f5-11ed-b0b8-0242ac1c000c,MATRIZ - COTACACHI,Soluta reprehenderit officiis iure nesciunt minima. Doloribus occaecati vitae porro consectetur. Perspiciatis et ex commodi.,0971037877,Activo,190bcbf2-74f5-11ed-b0b8-0242ac1c000c,190837f8-74f5-11ed-b0b8-0242ac1c000c,1926547c-74f5-11ed-b0b8-0242ac1c000c,1929a910-74f5-11ed-b0b8-0242ac1c000c
597,1904822a-74f5-11ed-b0b8-0242ac1c000c,MATRIZ - SANGOLQUI,Voluptatum similique numquam. Ab quis sint dolore iure magnam. Officiis ullam perferendis sit saepe ex assumenda. Placeat harum est consequatur tenetur.,0938225536,Inactivo,190bccf6-74f5-11ed-b0b8-0242ac1c000c,19083910-74f5-11ed-b0b8-0242ac1c000c,1926558a-74f5-11ed-b0b8-0242ac1c000c,1929aa00-74f5-11ed-b0b8-0242ac1c000c
627,1904832e-74f5-11ed-b0b8-0242ac1c000c,CUENCA,A culpa possimus magni earum cumque. Deleniti iure cumque commodi. Laudantium modi reprehenderit molestias.,0957220473,Activo,190bcdfa-74f5-11ed-b0b8-0242ac1c000c,19083a32-74f5-11ed-b0b8-0242ac1c000c,1926568e-74f5-11ed-b0b8-0242ac1c000c,1929aaf0-74f5-11ed-b0b8-0242ac1c000c
633,1904843c-74f5-11ed-b0b8-0242ac1c000c,MATRIZ - SIMIATUG,Quaerat perspiciatis hic voluptatum.,0905113785,Activo,190bcefe-74f5-11ed-b0b8-0242ac1c000c,19083ca8-74f5-11ed-b0b8-0242ac1c000c,1926579c-74f5-11ed-b0b8-0242ac1c000c,1929abd6-74f5-11ed-b0b8-0242ac1c000c
636,1904852c-74f5-11ed-b0b8-0242ac1c000c,QUEVEDO,Suscipit accusamus totam quibusdam totam minus. Fugiat est quae corrupti.,0977553777,Inactivo,190bd00c-74f5-11ed-b0b8-0242ac1c000c,19083e10-74f5-11ed-b0b8-0242ac1c000c,192658a0-74f5-11ed-b0b8-0242ac1c000c,1929acbc-74f5-11ed-b0b8-0242ac1c000c
667,19048612-74f5-11ed-b0b8-0242ac1c000c,MATRIZ - Sede SUCUA,Dolor eius distinctio fugit aliquid eaque similique. Asperiores voluptates ullam eligendi eos veritatis facere eaque.,0945695391,Activo,190bd11a-74f5-11ed-b0b8-0242ac1c000c,19083f3c-74f5-11ed-b0b8-0242ac1c000c,1926599a-74f5-11ed-b0b8-0242ac1c000c,1929adb6-74f5-11ed-b0b8-0242ac1c000c
699,190486f8-74f5-11ed-b0b8-0242ac1c000c,MATRIZ - TENA,Voluptatem nulla expedita numquam. Ipsa architecto placeat aliquam ea. Facere pariatur numquam quos consequatur autem.,0947388830,Inactivo,190bd228-74f5-11ed-b0b8-0242ac1c000c,19084054-74f5-11ed-b0b8-0242ac1c000c,19265a9e-74f5-11ed-b0b8-0242ac1c000c,1929aec4-74f5-11ed-b0b8-0242ac1c000c
702,190487de-74f5-11ed-b0b8-0242ac1c000c,MATRIZ - CHIMBO,Impedit ipsam eos voluptas veritatis maxime. Nostrum tempora at nam itaque. Amet alias dolore officiis.,0954111786,Inactivo,190bd340-74f5-11ed-b0b8-0242ac1c000c,1908416c-74f5-11ed-b0b8-0242ac1c000c,19265c06-74f5-11ed-b0b8-0242ac1c000c,1929afd2-74f5-11ed-b0b8-0242ac1c000c
704,190488ce-74f5-11ed-b0b8-0242ac1c000c,MATRIZ - TULCAN,Doloribus hic eveniet adipisci. Quibusdam vel at reprehenderit eveniet.,0962854915,Activo,190bd44e-74f5-11ed-b0b8-0242ac1c000c,1908428e-74f5-11ed-b0b8-0242ac1c000c,19265d32-74f5-11ed-b0b8-0242ac1c000c,1929b0d6-74f5-11ed-b0b8-0242ac1c000c
706,190489b4-74f5-11ed-b0b8-0242ac1c000c,DISTRITO METROPOLITANO DE QUITO MATRIZ,Explicabo nemo perferendis cupiditate alias. Odio tempora soluta voluptatum molestiae suscipit possimus. Illo aliquid quod optio natus quia.,0941122832,Activo,190bd548-74f5-11ed-b0b8-0242ac1c000c,190843b0-74f5-11ed-b0b8-0242ac1c000c,19265e2c-74f5-11ed-b0b8-0242ac1c000c,1929b1f8-74f5-11ed-b0b8-0242ac1c000c
736,19048aae-74f5-11ed-b0b8-0242ac1c000c,LATACUNGA,Qui repudiandae delectus nostrum. Dignissimos eius harum quis error nesciunt sunt ipsum.,0985162218,Activo,190bd656-74f5-11ed-b0b8-0242ac1c000c,190844d2-74f5-11ed-b0b8-0242ac1c000c,19265f26-74f5-11ed-b0b8-0242ac1c000c,1929b31a-74f5-11ed-b0b8-0242ac1c000c
751,19048bb2-74f5-11ed-b0b8-0242ac1c000c,EXTENSION - SANTO DOMINGO DE LOS COLORADOS,Alias quos provident eligendi error animi. Amet asperiores maxime repudiandae fuga voluptatem.,0929836834,Inactivo,190bd764-74f5-11ed-b0b8-0242ac1c000c,190845fe-74f5-11ed-b0b8-0242ac1c000c,1926602a-74f5-11ed-b0b8-0242ac1c000c,1929b428-74f5-11ed-b0b8-0242ac1c000c
752,19048cca-74f5-11ed-b0b8-0242ac1c000c,EXTENSION - ESMERALDAS,Architecto eos quo consectetur. Rem sapiente numquam repellat dolores quibusdam. Ipsum delectus dignissimos repudiandae nam quod vero ullam. Modi sint modi nulla laborum ullam sunt iusto.,0940116569,Activo,190bd8c2-74f5-11ed-b0b8-0242ac1c000c,19084734-74f5-11ed-b0b8-0242ac1c000c,1926612e-74f5-11ed-b0b8-0242ac1c000c,1929b54a-74f5-11ed-b0b8-0242ac1c000c
753,19048dc4-74f5-11ed-b0b8-0242ac1c000c,MATRIZ - CAMPUS CENTRAL,Eaque accusamus culpa aspernatur impedit atque. Error tempora quia dicta laudantium temporibus quam. Officia maiores vitae.,0905654223,Inactivo,190bd9da-74f5-11ed-b0b8-0242ac1c000c,1908484c-74f5-11ed-b0b8-0242ac1c000c,19266232-74f5-11ed-b0b8-0242ac1c000c,1929b676-74f5-11ed-b0b8-0242ac1c000c
754,19048ed2-74f5-11ed-b0b8-0242ac1c000c,SEDE - PORTOVIEJO-CHONE-BAHIA DE CARAQUEZ,Numquam labore necessitatibus eos. Veritatis laudantium at.,0924465591,Activo,190bdaf2-74f5-11ed-b0b8-0242ac1c000c,19084964-74f5-11ed-b0b8-0242ac1c000c,1926634a-74f5-11ed-b0b8-0242ac1c000c,1929b7c0-74f5-11ed-b0b8-0242ac1c000c
759,19048fcc-74f5-11ed-b0b8-0242ac1c000c,SEDE - SANTO DOMINGO DE LOS TSACHILAS,Aut maiores impedit blanditiis enim molestiae quisquam. Temporibus eius laboriosam itaque. Illo repellat distinctio dolorem laudantium natus ipsum quidem. Doloremque doloremque neque aliquam.,0984656476,Activo,190bdc00-74f5-11ed-b0b8-0242ac1c000c,19084a86-74f5-11ed-b0b8-0242ac1c000c,19266444-74f5-11ed-b0b8-0242ac1c000c,1929b8e2-74f5-11ed-b0b8-0242ac1c000c
761,190490c6-74f5-11ed-b0b8-0242ac1c000c,SEDE - ESMERALDAS,Modi eveniet fugiat itaque itaque rerum. Ducimus nam nisi quia alias laboriosam maiores similique. Nesciunt porro optio quis nam blanditiis commodi.,0958391333,Activo,190bdd04-74f5-11ed-b0b8-0242ac1c000c,19084b9e-74f5-11ed-b0b8-0242ac1c000c,1926653e-74f5-11ed-b0b8-0242ac1c000c,1929ba0e-74f5-11ed-b0b8-0242ac1c000c
779,190492b0-74f5-11ed-b0b8-0242ac1c000c,PORTOVIEJO SEDE,Quidem nihil reiciendis laudantium distinctio sed molestiae neque. Recusandae repudiandae sit. In iste magni. Enim placeat repellat beatae.,0933391352,Inactivo,190bde08-74f5-11ed-b0b8-0242ac1c000c,19084cb6-74f5-11ed-b0b8-0242ac1c000c,19266642-74f5-11ed-b0b8-0242ac1c000c,1929bb30-74f5-11ed-b0b8-0242ac1c000c
781,190493d2-74f5-11ed-b0b8-0242ac1c000c,EXTENSION - PORTOVIEJO-CHONE-BAHIA DE CARAQUEZ,Possimus optio accusamus officiis dicta ducimus vitae dolore. Dolores vel corporis enim. Nobis illum voluptatem.,0918109734,Activo,190bdf16-74f5-11ed-b0b8-0242ac1c000c,19084dce-74f5-11ed-b0b8-0242ac1c000c,19266732-74f5-11ed-b0b8-0242ac1c000c,1929bc2a-74f5-11ed-b0b8-0242ac1c000c
788,190494c2-74f5-11ed-b0b8-0242ac1c000c,EXTENSION - AMBATO,Rem necessitatibus iure sit nihil reprehenderit sunt. Autem explicabo culpa laboriosam dolorem. Consectetur possimus dolore illo repellendus cupiditate dolores.,0901859923,Inactivo,190be010-74f5-11ed-b0b8-0242ac1c000c,19084f7c-74f5-11ed-b0b8-0242ac1c000c,1926682c-74f5-11ed-b0b8-0242ac1c000c,1929bd24-74f5-11ed-b0b8-0242ac1c000c
799,190495b2-74f5-11ed-b0b8-0242ac1c000c,SEDE - MILAGRO,Alias reiciendis molestias ab sint velit.,0958551978,Activo,190be114-74f5-11ed-b0b8-0242ac1c000c,190850a8-74f5-11ed-b0b8-0242ac1c000c,1926691c-74f5-11ed-b0b8-0242ac1c000c,1929be28-74f5-11ed-b0b8-0242ac1c000c
802,19049698-74f5-11ed-b0b8-0242ac1c000c,EXTENSION - MILAGRO,Vitae perspiciatis fugit labore vel necessitatibus nulla. Amet eius repudiandae ipsa. Voluptatem provident ullam voluptatem.,0979631224,Activo,190be20e-74f5-11ed-b0b8-0242ac1c000c,190851b6-74f5-11ed-b0b8-0242ac1c000c,19266a20-74f5-11ed-b0b8-0242ac1c000c,1929bf22-74f5-11ed-b0b8-0242ac1c000c
803,1904977e-74f5-11ed-b0b8-0242ac1c000c,EXTENSION - EL TRIUNFO,Voluptates eos illo deleniti natus. Dolore commodi nam itaque distinctio perferendis unde.,0944612869,Inactivo,190be312-74f5-11ed-b0b8-0242ac1c000c,190852b0-74f5-11ed-b0b8-0242ac1c000c,19266b10-74f5-11ed-b0b8-0242ac1c000c,1929c01c-74f5-11ed-b0b8-0242ac1c000c
804,1904986e-74f5-11ed-b0b8-0242ac1c000c,NARANJAL,Quisquam vero sunt at. Rem et earum dolor cumque quo.,0923144763,Inactivo,190be416-74f5-11ed-b0b8-0242ac1c000c,19085396-74f5-11ed-b0b8-0242ac1c000c,19266c0a-74f5-11ed-b0b8-0242ac1c000c,1929c12a-74f5-11ed-b0b8-0242ac1c000c
827,19049954-74f5-11ed-b0b8-0242ac1c000c,EXTENSION - LA TRONCAL,Quisquam occaecati earum soluta eius nisi error. Sed neque minima qui sunt. Eius necessitatibus aspernatur reprehenderit blanditiis dignissimos voluptatem quod.,0971324563,Activo,190c0ff4-74f5-11ed-b0b8-0242ac1c000c,19085486-74f5-11ed-b0b8-0242ac1c000c,19266d04-74f5-11ed-b0b8-0242ac1c000c,1929c242-74f5-11ed-b0b8-0242ac1c000c
828,19049a44-74f5-11ed-b0b8-0242ac1c000c,MORONA,Fugit fugit explicabo nihil odio. Repellendus error commodi consectetur accusantium aspernatur. Possimus molestias animi mollitia.,0957845927,Activo,190c11fc-74f5-11ed-b0b8-0242ac1c000c,1908558a-74f5-11ed-b0b8-0242ac1c000c,19266fca-74f5-11ed-b0b8-0242ac1c000c,1929c350-74f5-11ed-b0b8-0242ac1c000c
834,19049b20-74f5-11ed-b0b8-0242ac1c000c,EXTENSION - AZOGUES,Sint neque voluptas corporis beatae nesciunt temporibus. Dolorum laboriosam sapiente recusandae aut reprehenderit. Ipsam voluptatibus sapiente quam placeat reprehenderit accusamus ipsam.,0900091806,Inactivo,190c1346-74f5-11ed-b0b8-0242ac1c000c,19085666-74f5-11ed-b0b8-0242ac1c000c,1926711e-74f5-11ed-b0b8-0242ac1c000c,1929c454-74f5-11ed-b0b8-0242ac1c000c
840,19049c24-74f5-11ed-b0b8-0242ac1c000c,AZOGUES MATRIZ,Corrupti qui ullam ducimus commodi totam officia.,0959967044,Activo,190c1468-74f5-11ed-b0b8-0242ac1c000c,1908574c-74f5-11ed-b0b8-0242ac1c000c,1926752e-74f5-11ed-b0b8-0242ac1c000c,1929c5e4-74f5-11ed-b0b8-0242ac1c000c
1045,19049d1e-74f5-11ed-b0b8-0242ac1c000c,URCUQUI,Nulla repellendus facere illum vel quibusdam. Similique odio adipisci inventore. Dolorem fuga ex saepe accusamus.,0909768543,Activo,190c15bc-74f5-11ed-b0b8-0242ac1c000c,1908583c-74f5-11ed-b0b8-0242ac1c000c,19267650-74f5-11ed-b0b8-0242ac1c000c,1929c724-74f5-11ed-b0b8-0242ac1c000c
1055,19049e36-74f5-11ed-b0b8-0242ac1c000c,MATRIZ,Nulla deserunt explicabo nobis minima. Reiciendis ipsam repellendus labore. Possimus officia itaque saepe voluptas exercitationem perferendis.,0939115164,Inactivo,190c1742-74f5-11ed-b0b8-0242ac1c000c,19085936-74f5-11ed-b0b8-0242ac1c000c,19267754-74f5-11ed-b0b8-0242ac1c000c,1929c850-74f5-11ed-b0b8-0242ac1c000c
1068,19049f3a-74f5-11ed-b0b8-0242ac1c000c,EXTENSION - LATACUNGA,Laboriosam fugit et illum. Inventore atque mollitia necessitatibus totam neque.,0983409211,Inactivo,190c185a-74f5-11ed-b0b8-0242ac1c000c,19085a26-74f5-11ed-b0b8-0242ac1c000c,1926784e-74f5-11ed-b0b8-0242ac1c000c,1929c95e-74f5-11ed-b0b8-0242ac1c000c
1083,1904a048-74f5-11ed-b0b8-0242ac1c000c,SEDE - LATACUNGA,Doloribus alias quaerat culpa. Cumque hic molestias dolorem voluptatibus non necessitatibus.,0929470942,Activo,190c1968-74f5-11ed-b0b8-0242ac1c000c,19085b0c-74f5-11ed-b0b8-0242ac1c000c,19267948-74f5-11ed-b0b8-0242ac1c000c,1929ca62-74f5-11ed-b0b8-0242ac1c000c
1103,1904a1ba-74f5-11ed-b0b8-0242ac1c000c,MATRIZ - OTAVALO,Expedita illum impedit aliquam enim dolores esse soluta. Minima aperiam pariatur at dignissimos molestiae fugiat. Provident consequuntur architecto voluptas quam.,0949658807,Activo,190c1a94-74f5-11ed-b0b8-0242ac1c000c,19085c06-74f5-11ed-b0b8-0242ac1c000c,19267a56-74f5-11ed-b0b8-0242ac1c000c,1929cb98-74f5-11ed-b0b8-0242ac1c000c
1108,1904a2be-74f5-11ed-b0b8-0242ac1c000c,MATRIZ - PASTAZA,Earum repudiandae provident vitae. Fuga maxime possimus sequi tempore accusantium occaecati sequi. Placeat dignissimos sunt consequatur repudiandae.,0901408898,Activo,190c1ba2-74f5-11ed-b0b8-0242ac1c000c,19085d00-74f5-11ed-b0b8-0242ac1c000c,19267b50-74f5-11ed-b0b8-0242ac1c000c,1929cd6e-74f5-11ed-b0b8-0242ac1c000c
1110,1904a426-74f5-11ed-b0b8-0242ac1c000c,MATRIZ - EL PANGUI,Explicabo facilis ab corrupti qui nesciunt soluta quaerat. Officia animi sed natus nulla voluptates quos voluptatem. Asperiores laborum beatae aliquam. Ullam cumque fugit distinctio atque.,0953863415,Inactivo,190c1ca6-74f5-11ed-b0b8-0242ac1c000c,19085dfa-74f5-11ed-b0b8-0242ac1c000c,19267c4a-74f5-11ed-b0b8-0242ac1c000c,1929cecc-74f5-11ed-b0b8-0242ac1c000c
1111,1904a5f2-74f5-11ed-b0b8-0242ac1c000c,LAGO AGRIO MATRIZ,Ex odio necessitatibus. Dolorum blanditiis cupiditate inventore. Perferendis consequuntur tenetur ullam quod enim dolorum eos.,0958716407,Inactivo,190c1daa-74f5-11ed-b0b8-0242ac1c000c,19085eea-74f5-11ed-b0b8-0242ac1c000c,19267d4e-74f5-11ed-b0b8-0242ac1c000c,1929d02a-74f5-11ed-b0b8-0242ac1c000c
1118,1904a700-74f5-11ed-b0b8-0242ac1c000c,MATRIZ - MATRIZ,Maxime error quos magnam. Inventore quaerat repellat laborum impedit. Error voluptatum itaque optio consectetur error quidem alias.,0971298603,Inactivo,190c1ea4-74f5-11ed-b0b8-0242ac1c000c,19085fda-74f5-11ed-b0b8-0242ac1c000c,19267e52-74f5-11ed-b0b8-0242ac1c000c,1929d142-74f5-11ed-b0b8-0242ac1c000c
1142,1904a804-74f5-11ed-b0b8-0242ac1c000c,MATRIZ - MILAGRO,Quae cum aut quidem maiores et. Natus porro nisi vel adipisci tempora officiis doloribus. Repudiandae similique amet facere saepe saepe provident quis.,0959644929,Inactivo,190c1fb2-74f5-11ed-b0b8-0242ac1c000c,190860ca-74f5-11ed-b0b8-0242ac1c000c,19267f4c-74f5-11ed-b0b8-0242ac1c000c,1929d278-74f5-11ed-b0b8-0242ac1c000c
1162,1904a912-74f5-11ed-b0b8-0242ac1c000c,MATRIZ - JIPIJAPA,Eum atque fugiat eius eaque aliquam dignissimos impedit. Nam accusantium itaque quas fuga. Quo enim maxime earum culpa tempora.,0948222725,Activo,190c20c0-74f5-11ed-b0b8-0242ac1c000c,190861ba-74f5-11ed-b0b8-0242ac1c000c,19268046-74f5-11ed-b0b8-0242ac1c000c,1929d39a-74f5-11ed-b0b8-0242ac1c000c
1182,1904aa16-74f5-11ed-b0b8-0242ac1c000c,SANTA ELENA,Doloremque eveniet modi possimus dolore. Sequi culpa itaque fuga ab. Quis id optio sit veniam neque ipsa.,0984154680,Activo,190c21ce-74f5-11ed-b0b8-0242ac1c000c,190863d6-74f5-11ed-b0b8-0242ac1c000c,19268140-74f5-11ed-b0b8-0242ac1c000c,1929d4d0-74f5-11ed-b0b8-0242ac1c000c
1184,1904ab10-74f5-11ed-b0b8-0242ac1c000c,MATRIZ - LA LIBERTAD,Accusamus illum fugit laudantium sint quas similique.,0960393469,Activo,190c22d2-74f5-11ed-b0b8-0242ac1c000c,19086502-74f5-11ed-b0b8-0242ac1c000c,19268230-74f5-11ed-b0b8-0242ac1c000c,1929dd4a-74f5-11ed-b0b8-0242ac1c000c
1210,1904ac0a-74f5-11ed-b0b8-0242ac1c000c,EXTENSION - LOJA,Nostrum repellat occaecati aperiam nisi. Veniam pariatur odio iure impedit error veniam.,0905545122,Activo,190c23d6-74f5-11ed-b0b8-0242ac1c000c,19086606-74f5-11ed-b0b8-0242ac1c000c,19268398-74f5-11ed-b0b8-0242ac1c000c,1929de94-74f5-11ed-b0b8-0242ac1c000c
1223,1904ad18-74f5-11ed-b0b8-0242ac1c000c,PEDERNALES,Incidunt earum quos vero explicabo sit. Consequatur dolor amet et minus consequuntur ipsa.,0992139033,Inactivo,190c24d0-74f5-11ed-b0b8-0242ac1c000c,1908670a-74f5-11ed-b0b8-0242ac1c000c,192684b0-74f5-11ed-b0b8-0242ac1c000c,1929dfc0-74f5-11ed-b0b8-0242ac1c000c
1224,1904ae30-74f5-11ed-b0b8-0242ac1c000c,BAHIA DE CARAQUEZ,Neque nam maxime excepturi dolore eveniet maiores. Molestiae adipisci labore assumenda.,0968721046,Inactivo,190c25d4-74f5-11ed-b0b8-0242ac1c000c,19086818-74f5-11ed-b0b8-0242ac1c000c,192685aa-74f5-11ed-b0b8-0242ac1c000c,1929e0ce-74f5-11ed-b0b8-0242ac1c000c
1225,1904af34-74f5-11ed-b0b8-0242ac1c000c,CHONE,Deserunt alias corporis eveniet modi sit. Voluptatem odit dolore reprehenderit enim magni quidem. Eum ipsam quas praesentium.,0951275402,Activo,190c26e2-74f5-11ed-b0b8-0242ac1c000c,1908691c-74f5-11ed-b0b8-0242ac1c000c,192686a4-74f5-11ed-b0b8-0242ac1c000c,1929e1be-74f5-11ed-b0b8-0242ac1c000c
1228,1904b024-74f5-11ed-b0b8-0242ac1c000c,EL CARMEN,Doloremque error quod architecto a. Repellat officiis delectus eveniet. Ducimus beatae eos modi. Provident dolore officiis ducimus.,0919850709,Inactivo,190c27e6-74f5-11ed-b0b8-0242ac1c000c,19086a2a-74f5-11ed-b0b8-0242ac1c000c,192687c6-74f5-11ed-b0b8-0242ac1c000c,1929e29a-74f5-11ed-b0b8-0242ac1c000c
1284,1904b100-74f5-11ed-b0b8-0242ac1c000c,SEDE - MACHALA,Veniam quaerat voluptatum voluptatum nostrum. Velit iste beatae expedita corrupti.,0938728465,Activo,190c293a-74f5-11ed-b0b8-0242ac1c000c,19086b24-74f5-11ed-b0b8-0242ac1c000c,192688b6-74f5-11ed-b0b8-0242ac1c000c,1929e394-74f5-11ed-b0b8-0242ac1c000c
1291,1904b1f0-74f5-11ed-b0b8-0242ac1c000c,EXTENSION - QUITO,Odit quod totam. Maxime eos tenetur nostrum.,0909055177,Inactivo,190c2a48-74f5-11ed-b0b8-0242ac1c000c,19086c1e-74f5-11ed-b0b8-0242ac1c000c,192689b0-74f5-11ed-b0b8-0242ac1c000c,1929e4ac-74f5-11ed-b0b8-0242ac1c000c
1325,1904b2e0-74f5-11ed-b0b8-0242ac1c000c,AZOGUES,Omnis laudantium dolores adipisci necessitatibus itaque nisi modi. Nemo voluptas quas sint earum fuga molestiae. Eligendi voluptas aliquid.,0929259638,Inactivo,190c2b4c-74f5-11ed-b0b8-0242ac1c000c,19086d22-74f5-11ed-b0b8-0242ac1c000c,19268aaa-74f5-11ed-b0b8-0242ac1c000c,1929e5ba-74f5-11ed-b0b8-0242ac1c000c
1370,1904b3c6-74f5-11ed-b0b8-0242ac1c000c,MATRIZ - SAMBORONDON,Nisi beatae sequi quidem. Recusandae dolor doloribus occaecati illum magnam totam.,0911823398,Inactivo,190c2c50-74f5-11ed-b0b8-0242ac1c000c,19086e30-74f5-11ed-b0b8-0242ac1c000c,19268ba4-74f5-11ed-b0b8-0242ac1c000c,1929e6c8-74f5-11ed-b0b8-0242ac1c000c
1380,1904b4b6-74f5-11ed-b0b8-0242ac1c000c,TULCAN,Magni voluptas blanditiis molestiae quod possimus modi. Suscipit consequuntur quasi vitae molestias reiciendis.,0911517625,Inactivo,190c2dae-74f5-11ed-b0b8-0242ac1c000c,19086f2a-74f5-11ed-b0b8-0242ac1c000c,19268c94-74f5-11ed-b0b8-0242ac1c000c,1929e7cc-74f5-11ed-b0b8-0242ac1c000c
1412,1904b600-74f5-11ed-b0b8-0242ac1c000c,EXTENSION - BABAHOYO,Iste totam eaque blanditiis sapiente cum sit odio. Provident deleniti tempore quis asperiores inventore dolor sit. Sequi corporis cumque nihil libero suscipit.,0987868706,Activo,190c2ebc-74f5-11ed-b0b8-0242ac1c000c,19087010-74f5-11ed-b0b8-0242ac1c000c,19268d8e-74f5-11ed-b0b8-0242ac1c000c,1929e8d0-74f5-11ed-b0b8-0242ac1c000c
1413,1904b6fa-74f5-11ed-b0b8-0242ac1c000c,EXTENSION - PUYO,Repellat ratione quae molestias repellendus dolore. Accusamus mollitia deserunt.,0937507475,Activo,190c2fca-74f5-11ed-b0b8-0242ac1c000c,190870f6-74f5-11ed-b0b8-0242ac1c000c,19268e92-74f5-11ed-b0b8-0242ac1c000c,1929e9fc-74f5-11ed-b0b8-0242ac1c000c
1415,1904b7e0-74f5-11ed-b0b8-0242ac1c000c,SEDE - QUEVEDO,Sequi alias quasi ad. Quo mollitia laboriosam odio. Quae ad unde laboriosam facilis aperiam.,0905852046,Inactivo,190c30ce-74f5-11ed-b0b8-0242ac1c000c,190871dc-74f5-11ed-b0b8-0242ac1c000c,19268f8c-74f5-11ed-b0b8-0242ac1c000c,1929eb28-74f5-11ed-b0b8-0242ac1c000c
1422,1904bfb0-74f5-11ed-b0b8-0242ac1c000c,SEDE - PUYO,Alias blanditiis delectus voluptas ab. Aut optio molestiae laboriosam natus. Odit ab accusantium enim sint. Voluptatum iure cupiditate optio quia rerum amet.,0905315807,Activo,190c31d2-74f5-11ed-b0b8-0242ac1c000c,190872d6-74f5-11ed-b0b8-0242ac1c000c,1926907c-74f5-11ed-b0b8-0242ac1c000c,1929ec2c-74f5-11ed-b0b8-0242ac1c000c
1423,1904c12c-74f5-11ed-b0b8-0242ac1c000c,MATRIZ - PUYO,Accusamus voluptatem voluptatibus deserunt. Maxime unde similique unde temporibus libero. Maxime similique nobis et.,0903681986,Inactivo,190c3416-74f5-11ed-b0b8-0242ac1c000c,190873d0-74f5-11ed-b0b8-0242ac1c000c,19269176-74f5-11ed-b0b8-0242ac1c000c,1929edda-74f5-11ed-b0b8-0242ac1c000c
1427,1904c226-74f5-11ed-b0b8-0242ac1c000c,EXTENSION - IBARRA,Illo veniam dicta exercitationem. Dicta deserunt repudiandae reprehenderit deleniti.,0926328381,Inactivo,190c3560-74f5-11ed-b0b8-0242ac1c000c,190874c0-74f5-11ed-b0b8-0242ac1c000c,19269266-74f5-11ed-b0b8-0242ac1c000c,1929ef24-74f5-11ed-b0b8-0242ac1c000c
1433,1904c320-74f5-11ed-b0b8-0242ac1c000c,EXTENSION - RIOBAMBA,Ullam laboriosam repellendus iure. Incidunt iste quis. At ea maiores blanditiis tempore vitae asperiores.,0989938375,Activo,190c366e-74f5-11ed-b0b8-0242ac1c000c,19087632-74f5-11ed-b0b8-0242ac1c000c,19269356-74f5-11ed-b0b8-0242ac1c000c,1929f046-74f5-11ed-b0b8-0242ac1c000c
1437,1904c406-74f5-11ed-b0b8-0242ac1c000c,EXTENSION - QUEVEDO,Explicabo fugit labore. Perspiciatis excepturi enim incidunt esse dicta eaque nisi. Rerum quidem vel laborum.,0913244106,Activo,190c3772-74f5-11ed-b0b8-0242ac1c000c,19087736-74f5-11ed-b0b8-0242ac1c000c,19269450-74f5-11ed-b0b8-0242ac1c000c,1929f172-74f5-11ed-b0b8-0242ac1c000c
1454,1904c4ec-74f5-11ed-b0b8-0242ac1c000c,SEDE - IBARRA,Sint ullam labore sapiente temporibus. Perspiciatis ullam earum placeat. Est distinctio impedit quisquam consequatur sequi.,0975971582,Inactivo,190c3876-74f5-11ed-b0b8-0242ac1c000c,19087812-74f5-11ed-b0b8-0242ac1c000c,1926954a-74f5-11ed-b0b8-0242ac1c000c,1929f294-74f5-11ed-b0b8-0242ac1c000c
1518,1904c5d2-74f5-11ed-b0b8-0242ac1c000c,EXTENSION - LA MANA,Voluptatibus repudiandae ratione. Repellendus soluta consequuntur architecto quibusdam error. Sunt deleniti at ratione necessitatibus.,0940859486,Inactivo,190c3984-74f5-11ed-b0b8-0242ac1c000c,19087902-74f5-11ed-b0b8-0242ac1c000c,1926963a-74f5-11ed-b0b8-0242ac1c000c,1929f3ac-74f5-11ed-b0b8-0242ac1c000c
1585,1904c6b8-74f5-11ed-b0b8-0242ac1c000c,BAHÍA DE CARAQUEZ,Quidem voluptatum itaque officiis minima. Magnam eum libero vitae nostrum accusamus asperiores. Totam ad soluta cupiditate dicta eligendi debitis enim.,0949183000,Activo,190c3a88-74f5-11ed-b0b8-0242ac1c000c,190879fc-74f5-11ed-b0b8-0242ac1c000c,1926973e-74f5-11ed-b0b8-0242ac1c000c,1929f636-74f5-11ed-b0b8-0242ac1c000c
1618,1904c7b2-74f5-11ed-b0b8-0242ac1c000c,SANTA ANA,Corrupti similique repellendus voluptatibus dolore. Optio sunt laboriosam totam eum ipsam. A nesciunt distinctio distinctio.,0941193274,Inactivo,190c3b8c-74f5-11ed-b0b8-0242ac1c000c,19087b0a-74f5-11ed-b0b8-0242ac1c000c,19269838-74f5-11ed-b0b8-0242ac1c000c,1929f76c-74f5-11ed-b0b8-0242ac1c000c
1681,1904c898-74f5-11ed-b0b8-0242ac1c000c,MATRIZ - QUEVEDO,Excepturi deserunt sunt enim autem. Officiis expedita natus a eaque.,0984377553,Activo,190c3c90-74f5-11ed-b0b8-0242ac1c000c,19087c04-74f5-11ed-b0b8-0242ac1c000c,192699e6-74f5-11ed-b0b8-0242ac1c000c,1929f87a-74f5-11ed-b0b8-0242ac1c000c
1712,1904c9a6-74f5-11ed-b0b8-0242ac1c000c,LA CONCORDIA,Dolorem porro suscipit perferendis eligendi ducimus officiis. Nemo labore explicabo mollitia amet. Consequuntur libero dolor eaque qui soluta voluptas nobis.,0947143048,Inactivo,190c3d94-74f5-11ed-b0b8-0242ac1c000c,19087cd6-74f5-11ed-b0b8-0242ac1c000c,19269afe-74f5-11ed-b0b8-0242ac1c000c,1929f992-74f5-11ed-b0b8-0242ac1c000c
1765,1904ca96-74f5-11ed-b0b8-0242ac1c000c,SAMBORONDON,Totam voluptatum magni quis. Earum quod eaque nam quas sequi dicta. Deleniti non exercitationem veniam tenetur.,0983552278,Activo,190c3e98-74f5-11ed-b0b8-0242ac1c000c,19087dbc-74f5-11ed-b0b8-0242ac1c000c,19269bf8-74f5-11ed-b0b8-0242ac1c000c,1929faaa-74f5-11ed-b0b8-0242ac1c000c
